url,text,is_news
https://twitter.com/evemmore/status/1683945092749447172?ref_src=twsrc%5Etfw,"July 25, 2023",0
https://www.cnn.com/2023/01/03/health/cardiac-arrest-heart-attack-heart-failure-explainer-wellness/index.html,"What are cardiac arrest, heart attack and heart failure?",1
http://www.AGSFormule1.com,AGS pro,0
https://www.nbcstore.com/collections/cocaine-bear,Cocaine Bear,0
https://www.richmondfed.org/publications/research/econ_focus/2021/q1/district_digest,declined,0
https://www.facebook.com/dialog/share?href=https%3A%2F%2Fwww.buzzfeed.com%2Fdaves4%2Fmost-expensive-purchase-regrets%3Futm_source%3Ddynamic%26utm_campaign%3Dbfsharefacebook&app_id=45075597673,Facebook,0
https://www.buzzfeed.com/legoforest/these-are-my-favorite-tv-shows-checklist,This TV Show Checklist Will Reveal If You've Got A Taste For Nostalgic Content,1
https://www.wsj.com/news/life-arts?mod=nav_top_section,Life & Arts,0
https://nypost.com/2023/03/16/hugh-grant-reveals-truth-about-viral-oscars-jab-i-got-away-with-it/,,0
https://digiday.com/media/new-sponsorship-deal-buzzfeed-hopes-new-attribution-model-can-power-commerce-growth/,"With A New Sponsorship Deal, BuzzFeed Hopes A New Attribution Model Can Power Commerce GrowthImage credit:Digiday",1
https://www.facebook.com/sharer/sharer.php?u=https://www.msnbc.com/symone/watch/celebrating-herstory-a-conversation-with-angelica-ross-164947013671,,0
https://goto.walmart.com/c/1442537/565706/9383?veh=aff&sourceid=imp_000011112222333344&u=https%3A%2F%2Fwww.walmart.com%2Fip%2FBLACK-DECKER-16-Dual-Blade-Oscillating-3-Speed-Stand-Fan-with-Remote-BFSD116B-Black%2F479239996&subId1=0816bestcoolingfans&subId3=xid:fr1658412418859icj,Walmart,0
https://www.newsmax.com/insiders/stephenmoore/bio-827/,Bio,0
https://www.foxnews.com/science/webb-space-telescope-takes-stunningly-detailed-infrared-image-actively-forming-stars,,0
https://cnnespanol.cnn.com/author_type/anchor/,Presentadores A-Z,0
https://www.huffingtonpost.it/green-and-blue,Green and Blue,0
https://wpvip.com/wordpress-vip-customers/,Our customers,0
https://www.visitkc.com/,Kansas City,0
https://www.buzzfeed.com/angelicaamartinez/popular-ya-characters-ai-vs-movies,Here's What 20 Popular YA Book Characters Look Like Based On Their Book Descriptions Vs. How They Looked In The Movies,1
https://nypost.com/wp-content/uploads/sites/2/2023/07/341089624_162832616374043_538420.jpg,,0
http://abc.com/browse,browse,0
https://fr-ca.facebook.com/login/?next=https%3A%2F%2Fwww.facebook.com%2FBreitbart,Fran√ßais (Canada),0
https://www.foxnews.com/video/6331883032112,,0
https://www.foxbusiness.com//www.foxbusiness.com/personal-finance/parents-not-ready-to-pay-for-college,,0
https://www.reddit.com/r/AskReddit/comments/14aqr7z/straight_men_whats_the_most_homosexual_thing/,asked,0
https://www.cnn.com/cnn-underscored/gifts/best-food-gifts-2023,Amazon,0
https://www.newsmax.com/archives/finance/elliotdinkin/591/2023/7/,Elliot Dinkin,0
https://www.msnbc.com/ali-velshi/watch/-velshibannedbookclub-maus-by-art-spiegelman-177614405696,,0
https://www.buzzfeed.com/hannahmarder/dirty-little-secrets-people-never-told-anyone,"29 Shocking And Hilarious Secrets People Have Literally Kept For Years, Sometimes Decades",1
https://bleacherreport.com/articles/10083574-nfl-rumors-austin-ekeler-organizes-call-for-rbs-to-talk-state-of-contract-market,,0
https://www.breitbart.com/politics/2023/07/21/blue-state-blues-democrats-can-no-longer-lie-with-a-straight-face/,Blue State Blues: Democrats Can No Longer Lie with a Straight Face,1
https://www.cnn.com/election/2022,2022 Midterms,0
https://www.foxnews.com/entertainment/betty-white-ryan-reynolds-feud-the-proposal,"from 2009's ""The Proposal""",1
https://www.buzzfeed.com/noradominick/best-tv-shows-to-watch-winter-2023,has been filled,
https://go.redirectingat.com/?xs=1&id=ncrg1301282&url=https%3A%2F%2Fk2skates.com%2Fen-us%2Fp%2Fkinetic-80-pro-women-s-inline-skates-2023&sref=https%3A%2F%2Fwww.nbcnews.com%2Fselect%2Fshopping%2Frollerbladesrcna96512,$119.95K2 Skates,
https://nypost.com/tag/fires/,fires,
https://www.reddit.com/r/AskReddit/comments/sqhcco/nurses_of_reddit_what_where_the_most_haunting/hwlvmuf/?utm_source=reddit&utm_medium=web2x&context=3,u/msmojo,
https://www.breitbart.com/entertainment/2022/10/21/jury-kevin-spacey-didnt-molest-actor-anthony-rapp-in-1986/,jury,
http://money.cnn.com/2016/09/21/news/economy/white-working-class-government/index.html?iid=hp-toplead-dom,They blame Washington but still want more help,1
https://www.linkedin.com/company/163755,,
https://www.cnn.com/2023/02/21/world/earths-core-iron-metallic-core-scn/index.html,NASA,
https://www.nbcnews.com/select/gift-guides/graduation,All Graduation,
https://www.buzzfeed.com/iamweirdoski,iamweirdoski,
https://www.cnn.com/2023/07/25/entertainment/george-rr-martin-strike/index.html,George R.R. Martin talks status of ‚ÄòGame of Thrones‚Äô projects during strikes,1
https://itunes.apple.com/us/podcast/the-ezra-klein-show/id1081584611,Apple Podcasts,
https://chaski.huffpost.com/us/auto/topic/the-trending-20,The Trending 20,
https://www.anrdoezrs.net/click-100345797-13067763?sid=64b6ef34e4b08cd259d91914&url=https%3A%2F%2Fwww.nike.com%2Ft%2Facg-watercat-shoes-cfGgT2,Nike ACG Watercat+ shoes.,
https://chaski.huffpost.com/us/auto/topic/donna-brazile,Donna Brazile,
https://www.huffingtonpost.co.uk/news/nostalgia/,Nostalgia,
https://www.cnn.com/travel/destinations/budapest,Budapest,
https://www.nytimes.com/games/connections,ConnectionsBETA,
https://nypost.com/2008/11/,November 2008,
https://www.buzzfeed.com/celebrity/lady-gaga,Lady Gaga,
https://www.nytimes.com/2023/07/20/theater/how-to-dance-in-ohio-broadway.html,"‚ÄòHow to Dance in Ohio,‚Äô a Musical, Plans a Fall Broadway Opening",1
https://abcnews.go.com/Politics/video/6-republican-presidential-candidates-qualified-august-debate-101668306,6 Republican presidential candidates appear to have qualified for August debate,1
https://www.census.gov/library/publications/2021/acs/acsbr-006.html,reports,
https://abcnews.go.com/Entertainment/wireStory/movie-review-horror-flick-talk-hand-high-twin-101669145,Movie Review: Horror flick 'Talk to Me' is a hand-some high-five for twin Australian filmmakers,1
https://www.nytimes.com/spotlight/dispatches-international,Dispatches,
https://chaski.huffpost.com/us/auto/topic/classical,Classical,
https://www.huffpost.com/entry/inside-corporate-americas-favorite-union-busting-firm_n_64b92176e4b08cd259dad4f2,,
https://www.mansionglobal.com/articles/this-600-year-old-english-country-manor-was-fit-for-a-king-bf12e814?mod=home-page,,
https://www.facebook.com/sharer/sharer.php?u=https://www.nbcnews.com/politics/congress/rep-byron-donalds-florida-correct-black-history-standards-slavery-rcna96573&cid=article_social_share_facebook,,
https://www.vox.com/policy/2023/5/26/23734216/weight-loss-wegovy-ozempic-prescription-cost,"<img alt=""Boxes of the diabetes drug Ozempic rest on a pharmacy counter on April 17, 2023, in Los Angeles."" src=""https://cdn.vox-cdn.com/uploads/chorus_image/image/72314897/GettyImages_1482908413.0.jpg"">",1
https://www.nytimes.com/wirecutter/out/deals/60082?merchant=Amazon,,
https://www.breitbart.com/clips/2023/07/26/ex-prosecutor-wu-doj-will-say-hunter-probe-ongoing-as-shield-from-oversight-doj-has-reason-to-seek-cover/,"Ex-Clinton DOJ Official: DOJ Will Say Hunter Probe Ongoing as ‚ÄòShield‚Äô from Oversight, DOJ Has Reason to Seek ‚ÄòCover‚Äô",1
https://facebook.com/cnnbusiness,,
https://cnnespanol.cnn.com/video/grua-llamas-colapso-nueva-york-pkg-ush/,"<img class=""image"" srcset=""https://cnnespanol.cnn.com/wp-content/uploads/2023/07/230726093828-crane-moment-collapse-full-169.jpeg?quality=100&amp;strip=info&amp;w=80&amp;h=80&amp;crop=1 80w"" sizes=""( min-width: 300px ) 80px"" src=""https://cnnespanol.cnn.com/wp-content/uploads/2023/07/230726093828-crane-moment-collapse-full-169.jpeg?quality=100&amp;strip=info&amp;w=80&amp;h=80&amp;crop=1"" alt=""Seis heridos tras el derrumbe de una gr√∫a en la ciudad de Nueva York"" />1:41",1
https://reddit.com/submit?title=How+heat+waves+form%2C+and+how+climate+change+makes+them+worse+&url=https%3A%2F%2Fwww.vox.com%2F22538401%2Ftexas-heat-wave-weather-definition-record-temperature-climate-change,Reddit,0
https://abcnews.go.com/author/andrea_smith,Andrea Smith,0
https://www.nbcstore.com/collections/law-order,Law & Order,0
https://nypost.com/article/best-barbie-dolls-toys-dream-houses/,,0
https://bleacherreport.com/articles/10083221-womens-world-cup-2023-top-storylines-to-track-and-full-bracket-predictions,,0
http://www.nielsen.com/digitalprivacy,Nielsen,0
https://disneytermsofuse.com/finnish/,Finnish / suomi ‚Äì Disney Terms of Use,0
https://www.cnn.com/2023/03/20/us/miami-beach-shootings-spring-break-no-curfew/index.html,Alie Skowronski/AP,0
https://zh-cn.facebook.com/login/?next=https%3A%2F%2Fwww.facebook.com%2Fnewsmax,‰∏≠Êñá(ÁÆÄ‰Ωì),0
https://chaski.huffpost.com/us/auto/topic/ireland-baldwin,Ireland Baldwin,0
https://www.cnn.com/videos/us/2015/12/10/gnomist-great-big-story-cnn-films-sharon-liese-orig.cnn,"<img alt="""" class=""media__image"" src=""//cdn.cnn.com/cnnnext/dam/assets/151111125414-gnomist-1-large-tease.jpg"">",0
https://www.buzzfeed.com/thescarf13/trophies#trophy-13,,0
https://www.amazon.com/Stony-Road-Reconstruction-White-Supremacy/dp/052555953,the cause of the enslaved,1
https://nypost.com/2023/07/27/mastercard-blocks-marijuana-transactions-on-debit-cards-citing-federal-illegality/?share=twitter,Twitter,0
https://www.hulu.com/jobs,".css-rcau9v{font-family:""Graphik Web"",sans-serif;font-size:14px;font-weight:400;line-height:1.4;letter-spacing:0;}Jobs",0
https://www.newsmax.com/newsfront/tim-ryan-nonprofits-centrists/2023/07/26/id/1128629/,Dem Senate Hopeful Launches Group for 'Exhausted Majority',1
https://nypost.com/2023/07/11/larsa-pippen-traumatized-after-michael-jordans-relationship-comments/,she felt ‚Äútraumatized‚Äù and ‚Äúembarrassed‚Äù,1
https://edition.cnn.com/travel/destinations,Destinations,0
https://www.marketwatch.com/story/sec-looks-to-craft-new-rules-on-use-of-ai-by-online-brokers-32b59899?mod=home-page,SEC proposes new rules on use of AI by online brokers,1
https://www.nytimes.com/wirecutter/reviews/the-best-shower-head/,Shower heads,0
https://chaski.huffpost.com/us/auto/topic/netflix,Netflix,0
https://abcnews.go.com/author/shushannah_walshe,Shushannah Walshe,0
https://www.buzzfeed.com/evaweigandwhittier,evaweigandwhittier,0
https://www.cnn.com/cnn-underscored/beauty/best-lighted-makeup-mirrors,Fancii,0
https://www.cnn.com/videos/sports/2018/06/08/moto-e-world-cup-loris-capirossi-test-drive-spt-intl-orig.cnn,"<img alt="""" class=""media__image"" src=""//cdn.cnn.com/cnnnext/dam/assets/180608095451-electric-motogp-still-large-tease.jpg"">",0
https://www.nytimes.com/interactive/2023/upshot/womens-world-cup-standings.html,Standings,0
https://pagesix.com/tag/surgery/,surgery,0
https://nypost.com/personal-loans/how-to-get-a-personal-loan/,,0
https://www.cnn.com/videos/weather/2016/08/01/typhoons-vs-hurricanes-chad-myers.cnn,"<img alt=""typhoons vs hurricanes chad myers_00000000.jpg"" class=""media__image"" src=""//cdn.cnn.com/cnnnext/dam/assets/160801163746-typhoons-vs-hurricanes-chad-myers-00000000-large-tease.jpg"">",1
https://sportstats.nypost.com/basketball/ncaab/injuries,Injuries,0
https://www.energy.gov/lpo/loan-programs-office,Loan Programs Office,0
https://techcrunch.com/2018/11/07/wechat-mini-apps-200-million-users/,mini-programs,0
https://chaski.huffpost.com/us/auto/topic/brad-pitt,Brad Pitt,0
https://www.newsmax.com/archives/robtaub/559/2023/7/,Rob Taub,0
https://www.nbcnews.com/politics/politics-news/steve-bannons-trial-build-wall-scheme-set-may-2024-rcna86267,set for trial in May,0
https://www.cnn.com/profiles/maribel-aber-profile,,0
https://www.huffingtonpost.co.uk/news/boris-johnson/,Boris Johnson,0
https://radio.foxnews.com/podcast/fox-business-tax-tips/,,0
https://www.vox.com/the-goods/21575707/tiktok-cringe,cringe culture,0
https://abcnews.go.com/author/stephanie_zimmermann,Stephanie Zimmermann,0
https://www.nielsen.com/legal/gracenote-services-privacy-statement/,Gracenote Services Privacy Statement,0
https://chaski.huffpost.com/us/auto/topic/film,Film,0
https://www.cnn.com/2023/07/16/sport/henry-searle-wimbledon-boys-singles-champion-spt-intl/index.html,Shaun Botterill/Getty Images,0
https://www.foxnews.com/video/6331898353112,,0
https://www.cnn.com/2019/10/31/tech/alphabet-smart-city-toronto/index.html,Sidewalk Labs,0
https://www.faa.gov/air_traffic/publications/atpubs/atc_html/chap9_section_8.html,no mechanism,0
https://www.ncbi.nlm.nih.gov/books/NBK525957/,low-molecular-weight heparin,0
https://bleacherreport.com/videos/457140-girma-on-representation-within-uswnt,Girma on Representation Within USWNT üëè,0
https://www.nbcnews.com/information/nbc-news-info/nbcuniversal-terms-service-n1232183,Terms Of Service,0
https://chaski.huffpost.com/us/auto/topic/measles-outbreak,Measles Outbreak,0
https://www.buzzfeed.com/rossyoder/2023-home-design-trends-predictions,"""It's One Of The Most Difficult Styles To Execute"": Designers Are Weighing In On The Predicted Home Decor Trends For This Year, And I'm Really Loving Their Takes",1
https://www.foxnews.com/us/translator-kids-using-ai-parenting-co-pilot-help-parents-communicate-better?intcmp=tw_ai,,0
https://www.foxnews.com/science/nasa-captures-mars-stunning-ultraviolet-light,,0
https://bleacherreport.com/articles/10083006-answering-all-your-lionel-messi-questions-ahead-of-inter-miami-debut,,0
https://press.foxnews.com/suzanne-scott,View Bio,0
https://radio.foxnews.com/2023/07/20/try-that-in-a-small-town/,,0
https://money.cnn.com//www.cnn.com/business/investing,Investing,0
https://www.buzzfeed.com/?display-consent,‚ÄúDo Not Sell or Share My Personal Information‚Äù,0
https://sportstats.nypost.com/basketball/nba/players,Players,0
https://www.cnn.com/2023/05/18/world/da-vinci-glow-crescent-moon-scn/index.html,Alan Dyer/VW Pics/Universal Images Group/Getty Images,1
https://radio.foxnews.com/account,Premium Podcast Account Access,0
https://www.buzzfeed.com/watch/video/60326,"$29 Vs. $180 Family-Style Meats""It's both a spotlight and a drumroll for your meat.""",1
https://chaski.huffpost.com/us/auto/topic/john-f-kennedy,John F. Kennedy,0
https://www.foxnews.com/health/new-alzheimers-drug-astounds-patients-ai-manages-daily-health-experts-say-aspartame-safe,,
https://www.msnbc.com/way-too-early/watch/gop-trying-to-use-crime-immigration-inflation-to-attack-biden-189208133732,"GOP trying to use crime, immigration, inflation to attack Biden",1
https://quebec.huffingtonpost.ca/section/health,Health,
https://www.cnn.com/2023/07/20/investing/premarket-stocks-trading/index.html,Kevin Mazur/Getty Images,
https://www.si.com/nfl/vikings/news/former-vikings-te-kyle-rudolph-has-new-gig,,
https://www.buzzfeed.com/larryfitzmaurice/reddit-shares-brutal-insults,"People Are Sharing The Most Brutal Insults They've Ever Heard, And Some Of These Made Me Have To Go Take A Walk",1
https://www.rand.org/pubs/research_reports/RRA889-1.html,are systemic,
https://myaccount.google.com/,Google Account,
https://www.wsj.com/news/cmo-today?mod=nav_top_subsection,CMO Today,
https://www.nbcnews.com/news/us-news/ufo-report-no-evidence-alien-spacecraft-can-t-rule-it-n1269628,not ruled out,
https://abc.com/shows/this-week-with-george-stephanopoulos/episode-guide/2023-07/09-sun-jul-9-2023,"47:04Sun, Jul 9, 2023Jul 09, 2023",
https://www.cnn.com/2022/01/11/opinions/bronx-grenfell-fires-similarities-williams/index.html,Leon Neal/Getty Images,
https://www.msnbc.com/msnbc-podcast/american-radical,,
https://nytimes.stats.com/nhl/scoreboard.asp,N.H.L.,
https://go.skimresources.com?id=93051X1547088&xs=1&xcust=nyp-SL--&url=https%3A%2F%2Fwww.nordstrom.com%2Fs%2Fcross-back-tennis-minidress%2F7280005,Outdoor Voices Crossback Dress,
https://www.buzzfeed.com/watch/video/122511,"Fianc√©s Build Each Other's Dream Home In The Sims 4Newly engaged Kendrick and Alana must build each other's dream homes in the Sims at a ¬ß50,000 simoleon budget!",1
https://www.foxnews.com/money/personal-loan-for-home-improvement-project,Should you take out a personal loan for a home improvement project?,1
https://www.nielsen.com/about-us/locations/,Locations,
https://www.buzzfeed.com/mychalthompson,Mychal Thompson,
https://help.hulu.com/s/article/hulu-disney-espn-bundle,https://help.hulu.com/s/article/hulu-disney-espn-bundle,
https://www.bbc.com/travel/article/20200525-why-first-nations-communities-are-uninviting-visitors,precarious situations,
https://chaski.huffpost.com/us/auto/topic/sports-highlights,Highlights,
https://www.foxnews.com/media/white-house-pressed-updated-language-regarding-bidens-business-son.print,Print,
https://www.goal.com/en-us/news/lionel-messi-set-named-inter-miami-captain-one-appearance-mls/blt41c0a76334e473d3,,
https://facebook.com/sharer.php?u=https%3A%2F%2Fabcnewspr.tumblr.com%2Fpost%2F723476712267071488%2Fhighlights-for-abc-news-good-morning-america&t=,Facebook,1
https://www.foxbusiness.com/money/secured-credit-cards-help-build-credit,Secured credit cards can help build your credit ‚Äî here's how,1
https://www.cnn.com/2023/06/08/style/gucci-horesebit-loafer-status-symbol,"70 years on, Gucci‚Äôs horsebit loafer is still a coveted status symbol",
https://www.msnbc.com/archive/videos/2015,2015,
https://www.cnn.com/videos/us/2019/02/04/james-brown-death-orig-nws.cnn,"<img alt=""The body of James Brown is on display to the public at the Apollo Theater in New York, Thursday, Dec. 28, 2006.  Thousands of people danced and sang in the streets outside the Apollo Theater on Thursday in raucous celebration of the music legend&amp;#39;s life as his body was displayed to the public on the stage where he made his 1956 debut. (AP Photo/Kathy Willens)"" class=""media__image"" src=""//cdn.cnn.com/cnnnext/dam/assets/190201151231-03-james-brown-death-questions-tease-large-tease.jpg"">",1
https://www.cnn.com/videos/arts/2022/07/05/gangnam-style-psy-interview-hk-orig.cnn,YG Entertainment Inc/Gangnam Style‚Ä¢Video,
https://www.vox.com/2023/6/10/23750041/russia-ukraine-war-counteroffensive-begins-explained,"<img alt=""Soldiers on tanks with large guns. "" src=""https://cdn.vox-cdn.com/uploads/chorus_image/image/72358029/1252073559.0.jpg"">",1
https://www.cnn.com/videos/business/2023/07/14/fairphone-smartphone-spc-intl-spc.cnn,Fairphone,
https://nypost.com/article/what-is-ozempic-why-stars-risk-aging-faces-for-weight-loss-drug/,weight loss crazes,
https://www.theverge.com/2023/7/25/23807418/twitter-x-logo-design-change-elon-musk,according to The Verge,
https://www.msnbc.com/mehdi-on-msnbc/watch/-politicians-in-robes-how-the-right-wing-supreme-court-is-mounting-a-power-grab-184147525656,Politicians in Robes': How the right-wing Supreme Court is mounting a power grab,1
https://dowjones.com/about/#corporate-citizenship,Corporate Citizenship,
https://www.local10.com/sports/2023/07/26/boneheaded-mistake-dolphins-wr-tyreek-hill-addresses-alleged-marina-assault/,said,
https://cnnespanol.cnn.com/tag/videos-musicales/,Videos musicales,
https://vividseats.com//new-york-giants-tickets-metlife-stadium-2-28-2024--sports-nfl-football/production/4407734?utm_source=nypost.com&utm_medium=referral&utm_campaign=widget&utm_term=4407734&wsUser=1006,Get Tickets,
https://abcnews.go.com/Business/wireStory/biden-provide-relief-extreme-heat-record-temperatures-persist-101702293,Biden looks to provide relief from extreme heat as record temperatures persist,1
https://www.facebook.com/careers/?ref=pf,Careers,
https://abcnews.go.com/author/daniel_dana,Daniel Dana,
https://www.thetimes.co.uk/article/king-charles-iii-environment-cause-comment-liz-truss-x3xl88rz5,told the Time of London,
https://www.dowjones.com/legal-notices/,Legal,
https://www.huffingtonpost.it/audio/serie/2022/01/19/playlist/argento_vivo-7473535/,"<a href=""""><img src=""https://www.gedistatic.it/content/gedi/img/huffingtonpost/2022/02/10/192436678-2524292c-8b87-4bb8-a2af-65fee60dc53b.jpg"" width=""390"" height=""390"" alt=""""></a>",
https://www.foxsports.com/world-baseball-classic,World Baseball Classic,
https://www.cnn.com/2023/07/13/media/disney-cable-networks-sale/index.html,Julien/APS-Medias/ABACA/Shutterstock,
https://getpocket.com/save?url=https%3A%2F%2Fwww.vox.com%2Feven-better%2F23805603%2Fextreme-heat-impacts-mental-health,Pocket,
https://www.foxnews.com/category/politics/senate,Senate,
https://www.buzzfeed.com/peggy/diy-christmas-decorations,62 DIY Christmas Decorations To Deck The Halls With,
https://www.cnn.com/2023/07/19/asia/north-korea-us-soldier-travis-king-intl/index.html,Travis King/Facebook,
https://chaski.huffpost.com/us/auto/topic/voting-issues,Voting Issues,
https://www.huffingtonpost.fr/psychologie/,Psychologie,
https://www.foxnews.com/us/new-method-reanimating-hearts-expand-number-donors-30,,
https://nypost.com/2023/07/15/crystal-hefner-is-deprogrammed-after-life-with-hugh-hefner/,,
https://tasty.co/recipe/bbq-pulled-chicken-sliders,BBQ Pulled Chicken Sliders,
https://instagram.com/NYTimesFashion,NYTimesFashioninstagrampage forNYTimesFashion,
https://www.msnbc.com/ayman-mohyeldin/watch/celebrating-immigrant-heritage-month-183005765603,Celebrating Immigrant Heritage Month,
https://www.nytimes.com/wirecutter/reviews/best-vibrators/,Vibrators,
https://www.wsj.com/podcasts/google-news-update/fed-raises-rates-to-a-22-year-high/FB04CE38-75FF-4B01-B871-C93689666919?mod=error_page,,
https://www.amazon.com/iClimb-Compact-Connecting-Camping-Folding/dp/B0838DQSLS?th=1&linkCode=ll1&tag=0519picnicplanning-20&linkId=48e3a47eacf5afe04b56f9e705fc0592&language=en_US&ref_=as_li_ss_tl,iClimb Extendable Folding Table,
https://www.cnn.com/2023/07/19/us/office-lottery-pools-dos-and-donts-trnd/index.html,SAUL LOEB/AFP/Getty Images,
http://wnnfans.com/policies/cookies/,Cookies,
https://chaski.huffpost.com/us/auto/topic/michael-flynn,Michael Flynn,
https://www.nbcnews.com/select/shopping/best-wireless-earbuds-ncna1303634,Kara Birnbaum / NBC,
https://reddit.com/submit?title=Welcome+to+X%2C+the+wannabe+%E2%80%9Csuper+app%E2%80%9D+formerly+known+as+Twitter&url=https%3A%2F%2Fwww.vox.com%2Ftechnology%2F2023%2F4%2F18%2F23687125%2Felon-musk-twitter-x-super-app-wechat,Reddit,
https://edition.cnn.com/travel,Travel,
https://l.facebook.com/l.php?u=https%3A%2F%2Fwww.instagram.com%2F&h=AT22u3CPpDJyuIBFx7R1U9ia7Hyye4Z0s_sUQYXRzGlMAE-ZQnFVQPROAzCPk4P5rO9pUSptTMK0UeY_dFPGkL94xufsJ23AGyWHsS3D6JgbYqxTkKNi7tpS0Ix_qITJz21e8aIi1LkR0qifvHzYg1-1nL2kAw4g,Instagram,
https://t.co/WFnktLOJhV,pic.twitter.com/WFnktLOJhV,
https://abcnews.go.com/author/Robert_Zepeda,Robert Zepeda,
https://www.nytimes.com/wirecutter/reviews/best-vegan-ice-cream/,Vegan ice cream,
https://chaski.huffpost.com/us/auto/topic/digital-justice,Digital Justice,
https://chaski.huffpost.com/us/auto/topic/kesha,Kesha,
https://www.buzzfeed.com/noradominick/best-celebs-red-carpet-tributes,"21 Stunning Red Carpet Looks That Actually Paid Tribute To Movies, Characters, And More",1
https://chaski.huffpost.com/us/auto/topic/bed-bugs,Bed Bugs,
https://www.nytimes.com/2023/07/26/books/maine-books-lily-king.html,Read Your Way Through Maine,
https://www.vox.com/world-politics/2023/6/24/23772391/russia-wagner-group-moscow-putin-pregozhin-lukashenko,"<img alt=""Men in camouflage uniforms, helmets, and face coverings sit on top of an army green tank. The building behind them is hung with a colorful yellow and pink banner."" src=""https://cdn.vox-cdn.com/uploads/chorus_image/image/72399377/1259010459.0.jpg"">",1
https://www.huffpost.com/entry/climate-change-apocalypse-pandemic_n_5f9c47e3c5b61b5109e73fb5,,
https://www.msnbc.com/opinion/msnbc-opinion/wisconsin-trump-tapes-associated-press-confirm-big-lie-rcna69094,Opinion,
https://www.hulu.com/series/abc-2020-1ad6a7fd-8188-4c3d-b164-ba7640d3329a,,
https://chaski.huffpost.com/us/auto/topic/kanye-west,Kanye West,
https://www.msnbc.com/symone/watch/throw-away-your-cookie-cutter-college-admissions-college-president-shares-why-the-one-size-fits-all-concept-does-not-work-in-higher-education-186483781640,,
https://www.vox.com/tech-policy,Tech Policy,
https://chaski.huffpost.com/us/auto/topic/red-carpet,Red Carpet,
https://go.skimresources.com?id=93051X1547088&xs=1&xcust=nyp-RW---&url=https%3A%2F%2Fwww.drsturm.com%2Fcleanser%2F,Cleanser,
https://reddit.com/submit?url=https%3A%2F%2Fabcnewspr.tumblr.com%2Fpost%2F723476712267071488%2Fhighlights-for-abc-news-good-morning-america,Reddit,
https://chaski.huffpost.com/us/auto/topic/honeymoons,Honeymoons,
https://www.amazon.com/Newsmax-Media-Inc-TV/dp/B00QXBIC6O/,Amazon Fire TV,
https://www.foxnews.com/video/6331873537112,,
https://www.vox.com/big-tech,Big Tech,
https://coupons.cnn.com/container-store,The Container Store,
https://www.nytimes.com/section/world/americas,Americas,
https://twitter.com/JefferyxBball/status/1684269462814330880?ref_src=twsrc%5Etfw,"July 26, 2023",
https://www.huffingtonpost.gr/news/theatro/,ŒòŒ≠Œ±œÑœÅŒø,
https://pagesix.com/2023/07/26/hollywood-isnt-ready-to-forgive-not-guilty-kevin-spacey/?share=facebook,Click to share on Facebook (Opens in new window),
https://www.marketwatch.com/story/3-ways-to-save-on-holiday-shopping-this-year-2021-12-09-710500?siteid=bigcharts&dist=bigcharts,3 ways to save on holiday shopping this year,
https://chaski.huffpost.com/us/auto/topic/lily-allen,Lily Allen,
https://www.hulu.com/network/abc-news-2662d112-7114-4c6b-96fd-cb9e68a27eee?cmp=16431&utm_campaign=OO_ABCNews_NavFooter_OnChannel_Evergreen&utm_medium=Display&utm_source=OO_ABCNews,ABC News on Hulu,
https://www.foxnews.com/video/6330927160112,,
https://abcnews.go.com/Nightline/video/deportation-teenager-mistake-changed-life-part-73938445,,
https://www.nature.org/en-us/what-we-do/our-priorities/,The Nature Conservancy‚Äôs,
https://chaski.huffpost.com/us/auto/topic/tilda-swinton,Tilda Swinton,
https://play.max.com/show/ee21cd15-7918-42d2-b3dc-90e3250428f6,"<img alt=""Vengeance Killer Lovers"" class=""media__image"" src=""//cdn.cnn.com/cnnnext/dam/assets/220412154936-vengeance-killer-lovers-large-tease.jpg"">",
https://www.cnn.com/videos/travel/2023/02/16/first-footage-titanic-wreck-1986-cprog-lon-orig-na.cnn,Woods Hole Oceanographic Institution (WHOI)‚Ä¢Video,
https://www.instagram.com/p/CuDH0nsOQtn/?utm_source=ig_embed&utm_campaign=loading,View this post on Instagram,
https://abcnews.go.com/author/elizabeth_brown-kaiser,Elizabeth Brown-Kaiser,
https://nypost.com/author/kyle-thomas/,Kyle Thomas,
https://www.nbcstore.com/collections/msnbc-accessories,Accessories,
https://abcnews.go.com/author/mishal_reja,Dr. Mishal Reja,
https://www.hulu.com/watch/26db2dd4-cabc-4d09-bf45-dc179b0625ee,,
https://twitter.com/bklynb4by/status/1683952187334860800,Twitter: @bklynb4by,
https://www.breitbart.com/author/kristina-wong/page/2/,,
https://abcnews.go.com/author/jane_m_lee,Jane M. Lee,
https://pagesix.com/2023/07/26/jamie-lynn-spears-says-it-was-her-personal-responsibility-to-quit-fame-after-getting-pregnant-at-15/?share=facebook,Click to share on Facebook (Opens in new window),
https://www.newsmax.com/newsmax-tv/moore-forbes-biden/2023/07/19/id/1127788/,Stephen Moore to Newsmax: Americans $4K Poorer With 'Bidenomics',
https://mdhta.com/,Maah Daah Hey Trail,
https://www.buzzfeed.com/bubbletonks/trophies#trophy-7,,
https://www.buzzfeed.com/melc40e454224/underrated-taylor-swift-song-vacation-quiz#comments,"I'll Tell You Which Underrated Taylor Swift Song Matches Your Vibe, But First You Have To Plan A Summer Trip",1
https://bleacherreport.com/videos/457824-tatum-rips-load-management,Tatum Rips Load Management üó£,
https://www.today.com/shop/full-coverage-swimsuits-t214272,Nathan Congleton / TODAY,
https://www.nytimes.com/wirecutter/deals/best-walmart-deals/,Walmart deals,
https://www.youtube.com/user/voxdotcom?sub_confirmation=1,Vox's YouTube channel,
https://www.facebook.com/sharer/sharer.php?text=No-kill%C2%A0chicken+tastes+like+chicken.+Because+it+is.&u=https%3A%2F%2Fwww.vox.com%2Ffuture-perfect%2F23801730%2Fcell-cultivated-lab-grown-meat-jose-andres-upside-eat-just,Share this on Facebook,
https://link.chtbl.com/d8nfSVJM,Amazon,
https://www.facebook.com/dialog/share?href=https%3A%2F%2Fwww.buzzfeed.com%2Fjosephlongo%2Factors-who-played-real-dolls%3Futm_source%3Ddynamic%26utm_campaign%3Dbfsharefacebook&app_id=45075597673,Facebook,
https://www.buzzfeed.com/music,Music,
https://www.cnn.com/cnn-underscored/travel/best-workout-apps-for-travelers,Lululemon,
https://chaski.huffpost.com/us/auto/topic/skincare,Skincare,
https://www.huffpost.com/highline,Highline,
https://www.hulu.com/watch/47d1c82e-6d7c-4312-a716-ac7faeb57c56,,
https://www.msnbc.com/the-reidout/reidout-blog/abbott-floating-barriers-texas-doj-border-rcna96029?icid=nextpost_bot,Next Post,
https://www.newsmax.com/archives/johnzogby/395/2023/7/,John Zogby,
https://www.huffingtonpost.it/politica/?ref=HHHD-M,Politica,
https://www.msnbc.com/archive/articles/2023,2023,
https://www.cnn.com/2023/07/20/opinions/womens-world-cup-uswnt-gender-equality-gap-ryle/index.html,"As you cheer on America‚Äôs soccer stars in the Women‚Äôs World Cup, ask yourself this question",1
https://nypost.com/tag/car-chases/,car chases,
https://www.foxnews.com/us/congressman-has-grim-take-after-access-to-ufo-footage-we-cant-handle-it,CONGRESSMAN HAS GRIM TAKE AFTER ACCESS TO UFO FOOTAGE: THIS TECH ‚ÄòCOULD TURN US INTO A CHARCOAL BRIQUETTE‚Äô,1
https://www.goodmorningamerica.com/wellness/story/new-who-report-1-6-adults-affected-infertility-98326354,MORE: New report finds 1 in 6 adults affected by infertility,1
https://cooking.nytimes.com/recipes/1023203-coleslaw-with-miso-dressing,Coleslaw With Miso DressingDawn Perry10 minutes,
https://www.huffingtonpost.es/sociedad/el-aviso-das-ladrones-bajas-diferencial-luz-irte-vacacionesbr.html,,
https://cooking.nytimes.com/68861692-nyt-cooking/15946514-no-cook-recipes-for-a-heat-wave,No-Cook Recipes for a Heat Wave,
https://www.reddit.com/r/mildlyinfuriating/comments/132sjit/i_paid_for_extra_rice/,reddit.com,
https://www.newsmax.com/archives/finance/harveybezozi/609/2023/7/,Harvey Bezozi,
https://www.cnn.com/cnn-underscored/deals/best-online-sales-right-now-2023-07-25,Caroline Curran/CNN Underscored,
https://www.newsmax.com/archives/leonardgrunstein/621/2023/7/,Leonard Grunstein,
https://www.buzzfeed.com/watch/video/46997,We Let Our Kids Plan Our Date NightWould you trust your kids to plan a good date? Hannah did.,
https://www.tbrandstudio.com/products/audio,AudioThe Times‚Äôs hyper-relevant audio has massive impact and scale.,
https://www.newsmax.com/archives/finance/nigelgreen/451/2023/7/,Nigel Green,
https://twitter.com/https://twitter.com/bridgetbreilly,follow on twitter,
https://chaski.huffpost.com/us/auto/topic/republican-national-convention,Republican National Convention,
https://www.msnbc.com/alex-wagner-tonight/watch/-you-can-t-lie-in-the-court-of-law-trump-s-big-lie-hits-brick-wall-in-court-189364293995,,
https://www.foxnews.com/video/6331811762112,,
https://www.foxnews.com/world/toronto-police-seek-publics-help-identifying-suspects-behind-million-dollar-luxury-car-heist,,
https://www.nbcunicareers.com/programs,Programs,
https://chaski.huffpost.com/us/auto/topic/milo-yiannopulos,Milo Yiannopulos,
https://www.foxnews.com/video/6331865468112,40:12:00,
https://www.nbcuniversal.com/cdn-cgi/l/email-protection#0575776c7364667c456b6766706b6c2b666a68,[email¬†protected],
https://theathletic.com/newsletters/the-bounce/,The Bounce,
https://nypost.com/wp-content/uploads/sites/2/2023/06/18nas.png,,
https://www.cnn.com/specials/space-science,Space + Science,
https://money.cnn.com//cnn.com/accessibility,Accessibility and CC,
https://go.skimresources.com?id=93051X1547088&xs=1&xcust=nyp-RW---&url=https%3A%2F%2Fwww.drsturm.com%2Fhyaluronic-serum%2F,Dr. Barbara Sturm Hyaluronic Serum,
https://www.vox.com/even-better/23716784/grief-mothers-day-fathers-day-sorry-for-your-loss,"<img alt="""" src=""https://cdn.vox-cdn.com/uploads/chorus_image/image/72269628/Screen_Shot_2023_06_15_at_11.37.03_AM.8.png"">",
https://www.nytimes.com/wirecutter/reviews/safety-essentials-for-your-home/,Safety Must‚ÄëHaves,
https://www.today.com/news/3-bodies-colorado-campsite-identified-rcna96423,3 bodies found at remote Colorado campsite were family members trying to live 'off the grid',1
https://www.cnn.com/2023/07/20/politics/biden-philadelphia-shipyard-bidenomics/index.html,"<img alt=""President Joe Biden speaks about his economic plan &amp;quot;Bidenomics&amp;quot; at the Philly Shipyard, in Philadelphia, Pennsylvania, on July 20, 2023. "" class=""media__image"" src=""//cdn.cnn.com/cnnnext/dam/assets/230720141405-01-biden-philadelphia-shipyard-bidenomics-072023-large-tease.jpg"">",1
https://www.foxbusiness.com/category/etfs,ETFs,
https://www.buzzfeednews.com/article/stephaniesoteriou/last-of-us-bella-ramsey-nonbinary-trendy,‚ÄúThe Last Of Us‚Äù Star Bella Ramsey Just Shared Their Fear That People Would Think They Only Came Out As Nonbinary To Be ‚ÄúTrendy‚Äù,1
https://www.instagram.com/huffpostlife,,
https://www.foxnews.com/entertainment/ryan-reynolds-jessie-james-decker-tease-husband-eric-decker-over-vasectomy-refusal-aviation-gin-ad,,
https://sportstats.nypost.com/hockey/nhl/scores,Scores,
https://www.sciencefriday.com/,Science Friday,
https://www.huffingtonpost.gr/entry/notia-krete-ena-mikro-meyalo-road-trip-plai-sto-leviko-pelayos_gr_64a3eae7e4b065a315bb0a22,,
https://go.skimresources.com?id=93051X1547088&xs=1&xcust=nyp-RW---&url=https%3A%2F%2Fwww.herbivorebotanicals.com%2Fproducts%2Fnova-15-vitamin-c-turmeric-brightening-serum,NOVA 15% Vitamin C + Turmeric Brightening Serum,
https://sportstats.nypost.com/basketball/nba/standings,Standings,
https://www.buzzfeed.com/beananddog/trophies#trophy-52,,
https://abcnews.go.com/Technology/wireStory/china-urges-japan-disrupt-chip-industry-after-technology-101601120,China urges Japan not to disrupt chip industry after technology curbs take effect,1
https://edition.cnn.com/business/financial-calculators,Calculators,
https://www.foxbusiness.com/video,EDITOR'S TOP VIDEO PICKS,
https://nypost.com/2023/07/16/cost-saving-design-choices-may-have-doomed-titan-sub/,"Titan sub may have been dragged through waters by mothership for days, damaging vessel before fatal accident",1
https://www.newsmax.com/insiders/monacharen/bio-826/,Bio,
https://abcnews.go.com/International/actor-kevin-spacey-found-not-guilty-sexual-assault-charges/story?id=101624676,Kevin Spacey found not guilty on assault charges,1
https://www.buzzfeed.com/watch/video/131117,DIY Summer Spa Day,
https://www.vox.com/the-highlight/23627509/netherlands-dairy-cow-protests-seeds-farming-agriculture-climate,"<img alt="""" src=""https://cdn.vox-cdn.com/uploads/chorus_image/image/72068467/Vox_Doomerism_Netherlands_Final_2.0.jpg"">",
https://www.buzzfeed.com/johnsocg1/trophies#trophy-67,,
https://www.buzzfeed.com/elliskeaton4/meyers-briggs-personality-test-80sw25uolm#comments,I Actually Know Your Myers-Briggs Personality Type By The Way You Answer These 12 Random Questions,1
https://nypost.com/2023/07/24/wild-video-shows-car-flying-off-san-francisco-embankment/,Wild video shows out-of-control car flying off San Francisco embankment,1
https://www.buzzfeednews.com/article/stefficao/kylie-jenner-son-reveal-aire-webster?bfsource=relatedmanual,,
https://www.cnn.com/election/2020/primaries-caucuses/state/american-samoa,American Samoa,
https://nypost.com/2023/07/22/kennedy-chandler-put-his-faith-in-the-nets-do-they-believe/,,
https://www.huffpost.com/entry/an-update-on-huffpost-arabi_n_5abe6787e4b0f112dc9be92e,,
https://www.newsmax.com/loganratick/trans-mental-illness-vengeance/2023/03/29/id/1114242/,Video Report: Hostiles Plan 'Trans Day of Vengeance',
https://chaski.huffpost.com/us/auto/topic/private-schools,Private Schools,
https://theathletic.com/newsletters/the-pulse/,The Pulse,
https://www.hoophall.com/,Naismith Memorial Basketball Hall of Fame,
https://www.huffingtonpost.fr/jo-paris-2024/article/jo-de-paris-2024-a-un-an-de-la-ceremonie-d-ouverture-ces-promesses-de-candidature-deja-abandonnees_221075.html,"√Ä un an des JO de Paris, ces promesses de candidature d√©j√† abandonn√©es",
https://abcnews.go.com/ThisWeek/video/families-lose-medicaid-coverage-pandemic-protections-end-101590233,Families lose Medicaid coverage as pandemic protections end,1
https://wpvip.com/wordpress-vip-premier-support/,Explore premier support,
https://www.breitbart.com/entertainment/2023/07/22/nolte-dcs-blue-beetle-projected-to-be-next-affirmative-action-flop/,Nolte: DC‚Äôs ‚ÄòBlue Beetle‚Äô Projected to Be Next Affirmative-Action Flop,1
https://www.facebook.com/marketwatch,Facebook,
https://www.cnn.com/videos/business/2023/07/17/exp-vivatech-europe-stewart-pkg-071502aseg1-cnni-business.cnn,Metaverse is ‚Äòhere to stay‚Äô says Siemens tech chief,1
https://www.tasty.co/recipe/creamy-lemon-pasta,CommunityCreamy Lemon Pasta,
https://www.dowjones.com/professional/newswires/sustainability-data/,Sustainability Data,
https://nypost.com/2023/07/26/nashville-school-shooter-audrey-hale-had-handwritten-notes-on-clothes-numbered-anklet-autopsy/?share=twitter,Twitter,
https://www.wsj.com/news/business/small-business-marketing?mod=nav_top_subsection,Entrepreneurship,
https://chaski.huffpost.com/us/auto/topic/vanessa-hudgens,Vanessa Hudgens,
https://www.nytimes.com/2023/07/21/world/middleeast/israel-supreme-court-netanyahu.html,the New York Times,
https://www.cnn.com/travel/article/hard-rock-guitar-hotel-hollywood-florida/index.html,Seminole Hard Rock Hotel & Casino,
http://www.nysun.com,New York Sun,
https://chaski.huffpost.com/us/auto/topic/washington-navy-yard-shooting,Washington Navy Yard Shooting,
https://www.msnbc.com/all-in/watch/hayes-tricia-cotham-owes-an-explanation-to-north-carolina-on-abortion-vote-174752325994,,
https://twitter.com/sahilkapur,,
https://podcasts.apple.com/us/channel/fox-news-podcasts/id6442473474?mt=2&ls=1&at=1010l36kV&ct=pod_channel_foxnewspodcasts&itscg=30200&itsct=pod_channel_foxnewspodcasts,Apple Podcasts,
https://www.copyright.gov/ai/,Copyright Office,
https://bleacherreport.com/articles/10083133-8-prominent-nfl-players-headed-into-a-make-or-break-2023-season,,
https://tasty.co/article/melissaharrison/make-food-last-longer-proper-storage,Storage Hacks,
https://www.breitbart.com/author/breitbart-news/,Breitbart News,
https://www.fnlondon.com/articles/clifford-chance-partner-profit-flat-at-2m-amid-inflationary-pressure-20230719,Clifford Chance partner profit flat at ¬£2m amid ‚Äòinflationary pressure‚Äô2 min,1
https://chaski.huffpost.com/us/auto/topic/cory-booker,Cory Booker,
https://abcnews.go.com/author/Leda_Alvim,Leda Alvim,
https://www.cnn.com/2023/05/09/world/artemis-2-laser-communications-scn/index.html,NASA,
https://www.buzzfeed.com/kristatorres/dog-facts,dogs,
https://t.co/JVHxz7Kv2Z,https://t.co/JVHxz7Kv2Z,
https://cooking.nytimes.com/recipes/1024334-turmeric-potato-salad,Turmeric Potato SaladDavid Tanis35 minutes,
https://chaski.huffpost.com/us/auto/topic/jair-bolsonaro,Jair Bolsonaro,
https://www.breitbart.com/entertainment/2023/07/23/wh-press-secretary-karine-jean-pierre-to-receive-outfest-award-but-wont-attend-due-to-hollywood-writers-strike/,WH Press Secretary Karine Jean-Pierre to Receive ‚ÄòOutfest‚Äô Award ‚Äî but Won‚Äôt Attend Due to Hollywood Writer‚Äôs Strike,1
https://www.buzzfeed.com/sarahaspler/what-is-your-tim-hortons-iq,What Is Your Tim Hortons IQ?,
https://bleacherreport.com/articles/10082168-alex-debrincat-traded-to-red-wings-from-senators-lands-reported-315m-contract,,
https://www.msnbc.com/the-reidout/reidout-blog/steve-bannon-border-wall-scheme-timothy-shea-prison-sentence-rcna96498?icid=previouspost_bot,Previous Post,
https://nypost.com/2023/07/25/my-pal-uninvited-my-baby-from-her-wedding-it-ruined-our-friendship/,,
https://chaski.huffpost.com/us/auto/topic/pride-2023,Pride 2023,
https://www.nbcuniversal.com/cdn-cgi/l/email-protection,[email¬†protected],
https://abcnews.go.com/author/riley_beggin,Riley Beggin,
https://memory.ucsf.edu/lecanemab,six-month delay,
https://www.amazon.com/gp/customer-reviews/R37TQFG3H5WPZ2/ref=cm_cr_arp_d_rvw_ttl?ie=UTF8&ASIN=B002U0KUTE&tag=lourdesuribe-20&ascsubtag=64badd5fe4b0ad7b75f8f684%2C-1%2C-1%2Cd%2C0%2C0%2Chp-fil-am%3D0%2C0%3A0%2C0%2C0%2C0,S. Lawrence,
https://chaski.huffpost.com/us/auto/topic/natalie-wood,Natalie Wood,
https://www.breitbart.com/tag/gloria-chavez/,Gloria Chavez,
https://www.marketwatch.com/story/i-still-couldnt-find-a-place-to-lay-my-head-how-to-find-a-job-and-housing-with-a-criminal-record-and-why-its-so-hard-62244d71?mod=home-page,‚ÄòI still couldn‚Äôt find a place to lay my head‚Äô: How to find a job and housing with a criminal record ‚Äî and why it‚Äôs so hard,1
https://www.foxnews.com/money/should-you-refinance-federal-student-loans,Should I refinance my federal student loans?,1
https://www.nbcnews.com/know-your-value/business-culture,business culture,
https://www.huffingtonpost.it?country=IT,Italia,
https://theathletic.com/football/nwsl/,NWSL,
http://www.vanityfair.com,Vanity Fair,
https://investors.buzzfeed.com/financial-information/sec-filings,Financial Information,
https://bleacherreport.com/videos/448099-white-gamewinner,Celtics Win Game 6 vs. Heat üò±,
https://www.foxweather.com/earth-space/snake-heat-hot-weather-rattlesnakes,"Snakebites spike during hot weather, study says",1
https://www.cnn.com/travel/article/historic-scandal-luxury-hotels/index.html,PATRICK BAZ/AFP/Getty Images,
https://www.linkedin.com/shareArticle?mini=true&title=Experts%20Say%20This%20Personality%20Trait%20Can%20Help%20You%20Get%20Ahead%20At%20Work&url=https%3A%2F%2Fwww.huffpost.com%2Fentry%2Fawkward-work-benefit_l_64be9129e4b08a8c921143f5%3Futm_campaign%3Dshare_linkedin%26ncid%3Dother_linkedin_b9q1zhzz9ee,,
https://www.foxnews.com/money/how-to-lower-student-loan-interest-rate,How can I lower my student loan interest rate?,1
https://tasty.co/topic/dinner,Dinner,
https://www.huffingtonpost.jp/entry/story_jp_64bf45d6e4b038c60ccb7775,,
https://abcnews.go.com/author/Hemi_Tewarson,Hemi Tewarson,
https://decider.com/platform/disney-plus/,Disney+,
https://nypost.com/tag/condos/,condos,
https://pagesix.com/author/margaret-abrams/,Margaret Abrams,
https://www.buzzfeed.com/juliacorrigan/16-things-youll-never-understand-until-they-happen-to-you,"16 Things You'll Never Understand Until They Happen To You, Personally",1
https://chaski.huffpost.com/us/auto/topic/honduras-coup,Honduras Coup,
https://www.newsmax.com/live,Newsmax,
https://abcnews.go.com/Entertainment/wireStory/qa-john-wilson-exploits-filmmakers-hide-final-season-101678450,Q&A: John Wilson exploits what other filmmakers try to hide in final season of 'How To',1
https://www.cnn.com/2023/07/18/health/opioids-elderly-dementia-death-study-wellness/index.html,"People with dementia have 11 times the risk of dying soon after starting any opioids, study finds",1
https://de-de.facebook.com/login/?next=https%3A%2F%2Fwww.facebook.com%2FABCWorldNewsNow,Deutsch,
https://us.cnn.com?hpt=header_edition-picker/style/olympic-paralympic-torch-paris-2024/index.html,Paris 2024 Olympic and Paralympic torch unveiled,1
https://www.buzzfeed.com/stephenlaconte/common-myths-about-men-reddit,"Men Are Calling Out The Things People Believe About Manhood That Are 100% False, And It's Eye-Opening",1
https://www.buzzfeed.com/bubbletonks/wedding-etiquette-poll,Would You Tolerate These Things At Your Wedding?,1
https://www.msnbc.com/deadline-white-house/watch/rep-goldman-republicans-are-acting-as-defense-attorneys-for-trump-187872837845,,
https://imp.i182465.net/c/1442537/842302/11771?subId1=0909bestcheckedluggagefb&u=https%3A%2F%2Fshop.samsonite.com%2Fluggage%2Fchecked-luggage%2Ffreeform-medium-spinner%2F78256XXXX.html,$240$192 at Samsonite,
https://www.marketwatch.com/video/mastering-your-money,Mastering Your Money,
https://nypost.com/author/jesse-oneill/feed/,Get author RSS feed,
https://www.huffingtonpost.es/virales/nadie-da-credito-visto-bano-ikea-malaga-alguien-me-explica.html,,
https://www.huffpost.com/entry/best-gym-shoes-women-men_l_630fc801e4b088f7423a0e08,,
https://nypost.com/article/ice-cream-flavor-based-on-your-zodiac-sign/,,
https://chaski.huffpost.com/us/auto/topic/ray-kelly,ray kelly,
https://podcasts.apple.com/us/podcast/the-best-thing-about-getting-fired/id1599978728?i=1000551358235,Nathan Congleton / NBC,
https://chaski.huffpost.com/us/auto/topic/guy-fieri,Guy Fieri,
https://wsjshop.com//wsjshop.com/cdn/shop/files/Evan2_1024x1024@2x.jpg?v=1687891627,,
https://www.newsmax.com/archives/senmarshablackburn/803/2023/7/,Archive,
https://housing.com,Housing.com,
https://www.cnn.com/interactive/2019/02/us/james-brown-death-questions/chapter_02.html,"<img alt=""Adrienne Brown, third wife of James Brown, photographed for a 1988 People magazine story on her husband&amp;#39;s domestic violence. &amp;quot;He has lots of guns,&amp;quot; Adrienne told a reporter. &amp;quot;He has used shots to scare me.&amp;quot;"" class=""media__image"" src=""//cdn.cnn.com/cnnnext/dam/assets/190201151038-02-james-brown-death-questions-tease-large-tease.jpg"">",1
https://www.cnn.com/2023/01/30/entertainment/lisa-loring-wednesday-addams-dead-intl-scli/index.html,"Lisa Loring, original Wednesday Addams actress, dead at 64",1
https://abcnews.go.com/Politics/ukraine-russia-war-become-stalemate-counteroffensive-hard-sullivan/story?id=101313661,,
https://www.newsmax.com/archives/conradblack/358/2023/7/,Conrad Black,
https://www.breitbart.com/latin-america/2023/07/26/bolivia-cuts-deal-to-buy-iranian-drones-alarming-south-america/,"Bolivia Cuts Deal to Buy Iranian Drones, Alarming South America",1
https://www.vox.com/policy-and-politics/23301390/trump-investigation-mar-a-lago-search-netanyahu,currently on trial for corruption charges,1
https://www.buzzfeed.com/ryanschocket2/tori-spellings-realtor-wrong-texts-about-her,Tori Spelling's Realtor Accidentally Texted Her ‚Äî About Her ‚Äî And She Posted The Screenshot,1
https://chaski.huffpost.com/us/auto/topic/ronald-reagan,Ronald Reagan,
https://store.google.com/product/chromecast,Chromecast,
https://www.buzzfeed.com/brookespieler1/dennys-order-zodiac-sign-quiz,Eat A Feast At Denny's And We'll Guess Your Zodiac Sign,
https://www.buzzfeed.com/alexalisitza/aita-dad-calls-son-spoiled-10k-wedding,"A Boomer Dad Called His Son ""Spoiled"" Because The 23-Year-Old Says He Can't Throw A Wedding For Under $7,000, And He Needs A Lesson On Inflation",1
https://radio.foxnews.com/podcast/alchemy-of-violence,,
https://www.buzzfeed.com?origin=tb/stephaniesoteriou,Stephanie Soteriou,
https://www.huffpost.com/entry/gift-card-scam_l_64062700e4b029d870179f72,,
https://www.msnbc.com/opinion/msnbc-opinion/barbie-movie-hidden-message-china-not-buying-ted-cruz-rcna95622,The true motives behind Ted Cruz‚Äôs ludicrous 'Barbie' tantrum,1
https://chaski.huffpost.com/us/auto/topic/sam-smith,Sam Smith,
https://www.buzzfeed.com/ishabassi/toxic-fat-phobic-moments-celebrity-culture-2000s,went viral,
https://www.foxnews.com/video/6331863718112,40:04:00,
https://chaski.huffpost.com/us/auto/topic/john-cornyn,John Cornyn,
https://www.buzzfeednews.com/article/stephaniesoteriou/kylie-jenner-rare-photo-baby-son-travis-scott,didn‚Äôt share,
https://abcnews.go.com/Business/wireStory/state-department-sanctions-2-former-salvadoran-leaders-dozens-101495380,U.S. sanctioned 10 Guatemalan official,1
https://www.wcbu.org/,WCBU,
https://www.facebook.com/sharer/sharer.php?u=https://www.msnbc.com/chris-jansing-reports/watch/mitch-mcconnell-freezes-at-press-conference-and-is-escorted-away-189328965894,,
https://chaski.huffpost.com/us/auto/topic/coming-out,Coming Out,
https://nypost.com/2023/07/26/mac-jones-trash-talk-crosses-a-line-calais-campbell/,,
https://variety.com/2023/film/features/barbenheimer-fans-barbie-oppenheimer-double-features-1235665491/,"over 40,000 people",
https://abcnews.go.com/author/ella_katz,Ella Katz,
https://nypost.com/astrology/,Astrology,
https://my.nypost.com,Update your Account,
https://www.facebook.com/sharer/sharer.php?u=https://www.nbcnews.com/video/missing-arizona-girl-found-safe-in-montana-4-years-later-189362245746,,
https://www.facebook.com/dialog/share?href=https%3A%2F%2Fwww.buzzfeed.com%2Fmjs538%2Fbarbie-movie-alternates%3Futm_source%3Ddynamic%26utm_campaign%3Dbfsharefacebook&app_id=45075597673,Facebook,
https://www.huffpost.com/entry/stopping-violence-against-trans-black-women_n_60229e74e4b08176aefc90ec,,
https://www.marketwatch.com/markets/canada,Canada,
https://www.reddit.com/r/quityourbullshit/comments/12umsmm/this_dude_randomly_lies_on_tiktok_about_being/,reddit.com,
https://us.cnn.com?hpt=header_edition-picker/2023/07/27/asia/north-korea-russia-china-war-anniversary-intl-hnk/index.html,"North Korea, China and Russia commemorate ‚Äòvictory‚Äô 70 years ago, while aligning on Ukraine",1
https://cn.nytimes.com/food-wine/,ÁæéÈ£ü‰∏éÁæéÈÖí,
https://nypost.com/2023/07/22/i-wasnt-allowed-to-date-until-16-now-i-have-12-kids-after-being-a-teen-mom/,,
https://abcnews.go.com/author/Dr._Atul_Nakhasi,Dr. Atul Nakhasi,
https://www.buzzfeednews.com/section/culture,Culture & Criticism,
http://fortune.com,Fortune,
https://supplierdiversity.foxnews.com//www.foxnews.com/us/shootout-erupts-california-freeway-bullets-bounce-between-cars-causing-innocent-driver-crash,Shootout erupts on California freeway as bullets bounce between cars causing innocent driver to crash,1
https://radio.foxnews.com/podcast/the-media-buzzmeter/,,
https://www.youtube.com/channel/UCqy-7yypdR64qkyeRD7nOQw,youtube,
https://www.cnn.com/audio/podcasts/first-move-with-julia-chatterley,First Move with Julia Chatterley,
https://www.reddit.com/r/funny/top/?t=year,reddit.com,
https://cnnespanol.cnn.com/category/moda/,Moda,
https://www.nytimes.com/wirecutter/reviews/best-hiking-boots/,Hiking boots,
https://www.tiktok.com/@parishilton?lang=en,TikTok pages,
https://www.politico.com/news/2022/01/31/vaccine-skeptics-gop-politics-trump-00003759,support,
https://chaski.huffpost.com/us/auto/topic/new-york,New York,
https://twitter.com/katyonmsnbc,TWITTER,
https://outkick.foxaud.io/gaines,,
https://www.huffpost.com/topic/north-korea,NORTH KOREA,
https://privacyportal.onetrust.com/webform/8930e991-baac-4a05-89f0-fc400879fa8a/3ad033f6-a159-4ef9-a0ad-aa2cf41fef65,here,
https://theathletic.com/4712060/2023/07/22/uswnt-goalscorer-sophia-smith-world-cup/,"<img alt=""With 2 goals and an assist, Sophia Smith looks at home in World Cup debut"" sizes=""100vw"" srcSet=""https://cdn.theathletic.com/cdn-cgi/image/width=600,format=auto/https://cdn.theathletic.com/app/uploads/2023/07/22072007/GettyImages-1562064683-scaled-e1690024827540-1024x682.jpg 600w, https://cdn.theathletic.com/cdn-cgi/image/width=770,format=auto/https://cdn.theathletic.com/app/uploads/2023/07/22072007/GettyImages-1562064683-scaled-e1690024827540-1024x682.jpg 770w, https://cdn.theathletic.com/cdn-cgi/image/width=1000,format=auto/https://cdn.theathletic.com/app/uploads/2023/07/22072007/GettyImages-1562064683-scaled-e1690024827540-1024x682.jpg 1000w, https://cdn.theathletic.com/cdn-cgi/image/width=1248,format=auto/https://cdn.theathletic.com/app/uploads/2023/07/22072007/GettyImages-1562064683-scaled-e1690024827540-1024x682.jpg 1248w, https://cdn.theathletic.com/cdn-cgi/image/width=1920,format=auto/https://cdn.theathletic.com/app/uploads/2023/07/22072007/GettyImages-1562064683-scaled-e1690024827540-1024x682.jpg 1920w"" src=""https://cdn.theathletic.com/cdn-cgi/image/width=1920,format=auto/https://cdn.theathletic.com/app/uploads/2023/07/22072007/GettyImages-1562064683-scaled-e1690024827540-1024x682.jpg"" decoding=""async"" data-nimg=""fill"" style=""position:absolute;top:0;left:0;bottom:0;right:0;box-sizing:border-box;padding:0;border:none;margin:auto;display:block;width:0;height:0;min-width:100%;max-width:100%;min-height:100%;max-height:100%;object-fit:cover"" class=""sc-bb0ab3b-1 YVrGg image-next-root"" loading=""lazy""/>With 2 goals and an assist, Sophia Smith looks at home in WorldCup debutMeg Linehan56",1
https://www.facebook.com/watch/,Video,
https://us.cnn.com?hpt=header_edition-picker/2023/07/25/football/canada-spain-japan-2023-womens-world-cup-spt-intl/index.html,Spain runs riot as La Roja and Japan become first two teams to qualify for knockout stage of Women‚Äôs World Cup,1
https://www.nytimes.com/2023/07/18/opinion/supreme-court-big-decisions.html,The 2023 SCOTUS AwardsByJesse WegmanandDavid Firestone,1
https://facebook.com/lite/,Facebook Lite,
https://chaski.huffpost.com/us/auto/vertical/sports,Sports,
http://www.cnn.com/2016/09/19/politics/trump-supporters-working-class-white-kaiser-family-foundation-infographic/index.html,"The anatomy of a white, working class Trump voter",1
https://www.eurosport.com/watch/,Watch,
https://www.marketwatch.com/investing/stock/key?mod=home-page,KEY6.9,
https://www.vox.com/technology/2023/5/11/23717408/ai-dc-laws-congress-google-microsoft,"<img alt=""President Biden at a speech in Philadelphia on July 20, 2023."" src=""https://cdn.vox-cdn.com/uploads/chorus_image/image/72269442/GettyImages_1544959749.14.jpg"">",1
https://www.mrc.org/,Media Research Center,
https://abcnews.go.com/author/catherine_thorbecke,Catherine Thorbecke,
https://www.cnn.com/living/10-meat-alternatives-nutritionists-swear-by/index.html,MariaRaz/Getty,
https://www.buzzfeed.com/morganmurrell,Morgan Murrell,
https://www.vox.com/recode/22529779/antitrust-bills-house-big-tech,antitrust bills,
https://www.breitbart.com/clips/2023/07/25/sharpton-desantis-saying-we-should-erase-blacks-lgbtq-folks/,,
https://www.foxbusiness.com/category/lifestyle,Lifestyle,
https://bleacherreport.com/articles/10083576-kemba-walker-not-certain-about-pushing-for-nba-return-after-signing-monaco-contract,,
https://www.huffingtonpost.gr/entry/velyio-anthropina-mele-mesa-se-pseyeio-poe-petachtheke-se-kanali-ste-lieye_gr_64c12581e4b038c60ccc576e,,
https://abcnews.go.com/author/matt_jaffe,Matthew Jaffe,
https://t.co/boU992UTEP,https://t.co/boU992UTEP,
https://www.cnn.com/profiles/katia-hetter,John Nowak/CNN,
https://twitter.com/USBPChiefTCA/status/1682433069737713668?ref_src=twsrc%5Etfw,"July 21, 2023",
https://www.buzzfeed.com/ryanschocket2/taylor-swift-better-than-revenge-lyric-change,"Taylor Swift Actually Changed Another Lyric In ""Better Than Revenge,"" And Not Even I, A Devout Swiftie, Noticed",1
https://cooking.nytimes.com/tag/editors'%20pick,editors' pick,
https://abcnews.go.com/author/geneva_sands,Geneva Sands,
https://ulta.ztk5.net/15nWLa?subId1=n1576selecthomepagebacon&u=https%3A%2F%2Fwww.ulta.com%2Fp%2Fmineral-sunscreen-lip-balm-spf-30-xlsImpprod18321081,$3.99Ulta,
https://login.huffpost.com/login?dest=https%3A%2F%2Fwww.huffpost.com%2Fnews%2Ftopic%2Fcoronavirus&src=huffpost-nav&ncid=huffpost_othernavof_pxl22sljo4m,,
https://www.fnlondon.com/legal-services?mod=filter_by_topic,Legal Services,
https://chaski.huffpost.com/us/auto/topic/zombies,Zombies,
https://wsjshop.com//wsjshop.com/cdn/shop/products/TrustYourDecisions_Moleskine_Notebook_ff923b6d-3adc-48a9-bdd9-61adaf0a278a_1024x1024@2x.png?v=1637771008,,
https://www.vox.com/climate/2023/7/13/23792409/floods-vermont-new-york-natural-disaster-insurance-global-climate-risk-change,"<img alt=""Two children stand on the roof of a building in Montpelier, Vermont. The streets below are flooded with brown water."" src=""https://cdn.vox-cdn.com/uploads/chorus_image/image/72448565/1526471262.0.jpg"">",1
https://chaski.huffpost.com/us/auto/topic/ted-cruz,Ted Cruz,
https://www.huffpost.com/entry/worst-foods-for-sleep_l_646b8f69e4b056fd46db75bd,,
https://www.cnn.com/profiles/kathleen-magramo,Kathleen Magramo,
https://radio.foxnews.com/podcast/chowchilla/,,
https://www.msnbc.com/morning-joe/watch/new-one-woman-musical-death-let-me-do-my-show-marries-light-and-dark-189244485745,"New one-woman musical 'Death, Let Me Do My Show' marries light and dark",1
https://www.buzzfeed.com/valthearianator,‚ô°‚ú®val‚ú®‚ô°,
https://www.buzzfeed.com/lizahicks/rise-of-the-pink-ladies-quiz,Which Pink Lady From ‚ÄúGrease: Rise Of The Pink Ladies‚Äù Are You? Spend A Day At Rydell High And Find OutVOTE PINK and take this quiz!,0
https://www.foxnews.com/opinion/united-states-china-taking-opposite-approaches-ai,,
https://abcnews.go.com/author/anthony_kippins,Anthony Kippins,
https://abcnews.go.com/author/rebecca_weintraub,Dr. Rebecca Weintraub,
https://www.buzzfeed.com/lgbtq,LGBTQ,
https://www.cnn.com/2018/07/19/health/cnnheroes-maria-rose-belding-means/index.html,"<img alt="""" class=""media__image"" src=""//cdn.cnn.com/cnnnext/dam/assets/180719120926-cnnheroes-belding-portrait-large-tease.jpg"">",1
https://www.buzzfeed.com/ca/shopping/beauty-personal-care,Beauty + Personal CareBeauty + Personal Care,
https://www.facebook.com/pages/create/?ref_type=site_footer,Create Page,
https://www.foxnews.com/video/6331574239112,,
https://click.linksynergy.com/deeplink?id=XRMZVUE6JmY&mid=47926&u1=nyp-RW---&murl=https%3A%2F%2Fwww.mariobadescu.com%2Fproduct%2Fenzyme-cleansing-gel,Mario Badescu Enzyme Cleansing Gel,
https://www.cnn.com/210915114713-20210915-markets-now-toney-coughlin-coppetti.jpg,20210915-markets-now-Toney-Coughlin-Coppetti,
https://abcnews.go.com/Health/wireStory/maternity-ward-oregon-scene-fatal-gunfire-101620945,A maternity ward in Oregon is the scene of fatal gunfire,1
http://www.calnews.com,CalNews,
https://www.buzzfeednews.com/article/margaretkingsbury/new-books-out-this-week,14 Stunning New Books You've Got To Read ASAP,1
https://www.wsj.com/news/author/rachel-feintzeig?mod=nav_top_subsection,Work & Life,
https://www.instagram.com/jenneatsgoood/,from the seasonal series,
https://chaski.huffpost.com/us/auto/topic/new-york-city,New York City,
https://t.co/99mSXHDhJ8,pic.twitter.com/99mSXHDhJ8,
https://www.cnn.com/videos/living/2015/07/02/orig-americas-only-metric-highway-great-american-story-nws.cnn,"<img alt=""orig americas only metric highway great american story nws_00023406.jpg"" class=""media__image"" src=""//cdn.cnn.com/cnnnext/dam/assets/150702163948-orig-americas-only-metric-highway-great-american-story-nws-00023406-large-tease.jpg"">",1
https://www.nytimes.com/wirecutter/reviews/best-sleeping-bag-for-car-camping/,Sleeping bags,
https://lipperalpha.refinitiv.com/podcasts/2022/07/cefa-podcast-refinitiv-lippers-q2-2022-closed-end-fund-market-review/,,
https://twitter.com/Ravi4Bharat/status/1684246335304925185?ref_src=twsrc%5Etfw,"July 26, 2023",
https://chaski.huffpost.com/us/auto/topic/drones,Drones,
https://www.foxnews.com/shows/outnumbered,,
https://nypost.com/2021/11/,November 2021,
https://chaski.huffpost.com/us/auto/topic/jean-ping,Jean Ping,
https://www.youtube.com/watch?v=lueRynKOKJg,‚ÄòWe Play Here‚Äô,
https://abcnews.go.com/author/emily_shapiro,Emily Shapiro,
https://edition.cnn.com?hpt=header_edition-picker/2023/07/26/world/sagan-voyager-golden-record-auction-scn/index.html,Courtesy Sotheby's,
https://www.cnn.com/2017/10/20/health/louisiana-toxic-town/index.html,"<img alt=""01 Louisiana toxic town Denka plant"" class=""media__image"" src=""//cdn.cnn.com/cnnnext/dam/assets/171019173840-01-louisiana-toxic-town-denka-plant-large-tease.jpg"">",1
https://www.buzzfeed.com/settings,user settings,
https://privacy.google.com/businesses/affiliates,companies providing business services in the EU,1
https://www.foxnews.com/us/tennessee-police-fatally-shoot-armed-man-welfare-check-following-threats-self-harm,,
https://cnnespanol.cnn.com/tv_show/triunfadores-del-deporte/,Triunfadores del Deporte,
https://www.buzzfeed.com/celebrity/cardi-b,Cardi B.,
https://abcnews.go.com/author/caterina_andreano,Caterina Andreano,
https://www.newsmax.com/archives/us/18/2023/7/,America,
https://www.nytimes.com/wirecutter/gifts/best-gifts-for-5-year-olds/,Gifts for 5‚Äëyear‚Äëolds,
https://www.bloomberg.com/news/articles/2023-07-24/economists-see-odds-of-us-recession-at-50-or-less-in-new-survey?in_source=embedded-checkout-banner,strong majority,
https://www.instagram.com/reeltimeng/?hl=en,Instagram: @https://www.instagram.com/reeltimeng/?hl=en,
https://www.facebook.com/groups/discover/,Groups,
https://www.buzzfeed.com/mampichakrabortyk,Shristi,
https://www.foxsports.com/watch/play-687b57fea00096c,,
https://www.youtube.com/user/deciderdotcom,YouTube,
https://chaski.huffpost.com/us/auto/topic/reclaiming-conversation,Reclaiming Conversation,
https://www.nytimes.com/2023/07/12/magazine/celebrity-marriage-ethics.html,I Dated a Celebrity. Do I Have to Tell My Wife?,1
https://decider.com/2023/07/23/special-ops-lioness-laysla-de-oliveira-cruz-manuelos/,Laysla De Oliveira Steals the Show From Nicole Kidman and Zoe Salda√±a in 'Special Ops: Lioness',1
https://tasty.co/topic/community,Community Recipes,
https://chaski.huffpost.com/us/auto/topic/cliffhangers,cliffhangers,
http://www.cnn.com/interactive/2012/05/us/gift.of.charles/,"<img alt="""" class=""media__image"" src=""//cdn.cnn.com/cnnnext/dam/assets/120506033148-gift-charles-forest-story-top.jpg"">",
https://www.buzzfeed.com/watch/video/131093,DIY Home Decor Accessories,
https://chaski.huffpost.com/us/auto/topic/mobile,On The Move,
https://www.buzzfeed.com/jeremyhayes/obsolete-products-that-were-groundbreaking,21 New Products That Were Major Game-Changers When They Came Out But Are Full-On Obsolete Today,1
https://www.buzzfeed.com/fabianabuontempo/bebe-rexha-pcos-diagnosis,"""A Lot Of Women Who Have It Don‚Äôt Know"": Bebe Rexha Discussed Her Experience With Polycystic Ovary Syndrome; Here's What Experts Want You To Know About It",1
https://decider.com/2023/07/21/shop-amazons-the-summer-i-turned-pretty-store-for-merch-and-more/,Shop Amazon's 'The Summer I Turned Pretty' Store For Merch and More,
https://www.buzzfeed.com/aged_yam/which-2000s-ya-book-series-are-you,Find Your Inner 2000s Book Series With This 20 Question Quiz,
https://www.cnn.com/videos/fashion/2023/02/28/sunnei-fashion-show-models-crowd-surf-contd-lon-orig-na.cnn,Sunnei,
https://www.cnn.com/2023/07/04/asia/japan-fukushima-wastewater-explainer-intl-hnk/index.html,"<img alt=""The ALPS-treated water is stored in these towering tanks. Picture taken in Okuma of Fukushima prefecture on April 12, 2023."" class=""media__image"" src=""//cdn.cnn.com/cnnnext/dam/assets/230414151230-02-japan-treated-wastewater-fukushima-large-tease.jpg"">",1
https://abcnews.go.com/author/jennifer_wheelock,Jennifer Wheelock,
https://shop-links.co/1814939300087323937?u1=nyp-RW---,Dewy Skin Cream,
https://nypost.com/wp-content/uploads/sites/2/2023/07/NARS-Double-Orgasm-Blush-Set.png,,
https://chaski.huffpost.com/us/auto/topic/kevin-hart,Kevin Hart,
https://www.vox.com/life,Life,
https://www.nielsen.com/legal/legal-information/?lang=de,Impressum,
https://cn.nytimes.com/africa/,ÈùûÊ¥≤,
https://www.nytimes.com/2023/07/23/sports/cycling/vingegaard-tour-de-france.html,Jonas Vingegaard Wins Tour de France Again After Vanquishing His Rival,1
https://www.cnn.com/2023/05/24/world/saturn-rings-disappearing-scn/index.html,NASA/ESA,
https://www.nbcstore.com/collections/shrek,Shrek,
https://www.foxnews.com/media/wh-denials-joe-bidens-knowledge-hunters-business-deals-significant-shift-ex-prosecutor,,
https://www.foxnews.com/category/slideshow,See More Slideshows,
https://www.foxnews.com/media/tennessee-teachers-sue-over-state-restrictions-crt-curriculum-laws-need-to-be-clear,,
https://chaski.huffpost.com/us/auto/topic/bisexual,Bisexual,
https://firstwefeast.com/,,
https://www.cnn.com/about,About,
https://www.hrc.org/resources/attacks-on-gender-affirming-care-by-state-map,legislators,
https://www.huffpost.com/entry/customer-merchant-receipt-restaurant_l_64baa844e4b038c60cca5c49,,
https://www.foxnews.com/elections/2020/general-results/voter-analysis,,
https://chaski.huffpost.com/us/auto/topic/magic-johnson,Magic Johnson,
https://vividseats.com//new-york-yankees-tickets-yankee-stadium-7-31-2023--sports-mlb-baseball/production/4078763?utm_source=nypost.com&utm_medium=referral&utm_campaign=widget&utm_term=4078763&wsUser=1006,Get Tickets,
https://www.cnn.com/cnn-underscored/electronics/samsung-galaxy-sean-wotherspoon-sustainable-accessories-collection,Samsung,
https://twitter.com/elonmusk/status/1679164661869182976?ref_src=twsrc%5Etfw%7Ctwcamp%5Etweetembed%7Ctwterm%5E1679164661869182976%7Ctwgr%5E0a067bb14477ce342eebf1f1ddc3f2a69fcc8a7f%7Ctwcon%5Es1_&ref_url=https%3A%2F%2Fwww.theverge.com%2F2023%2F7%2F12%2F23792553%2Felon-musk-xai-artificial-intelligence-company,launched,
https://www.breitbart.com/news/source/afp/,AFP,
https://www.cnn.com/videos/business/2023/07/24/exp-musk-twitter-x-clare-duffy-reports-072402aseg3-cnni-business.cnn,,
https://www.marketwatch.com/picks/how-high-will-cd-rates-go-in-2023-190047b8?mod=home-page,How high will CD rates go in 2023?,1
https://www.dailymail.co.uk/tvshowbiz/article-10478289/Dame-Helen-Mirren-breaks-silence-film-race-row-exclusively-Daily-Mail.html,addressed the backlash,
https://pagesix.com/style,super Star Picks,
https://theathletic.com/location/montreal/,Montreal,
https://chaski.huffpost.com/us/auto/topic/don-imus,Don Imus,
https://chaski.huffpost.com/us/auto/topic/fashion-week,Fashion Week,
https://abcnews.go.com/Technology/wireStory/ruins-ancient-neros-theater-discovered-garden-future-seasons-101698917,Ruins of ancient Nero's Theater discovered under garden of future Four Seasons near Vatican,1
https://chaski.huffpost.com/us/auto/topic/new-mexico,New Mexico,
https://www.msnbc.com/symone/watch/unveiling-the-operations-of-the-mysterious-wagner-group-in-africa-what-you-need-to-know-185182277556,Unveiling the operations of the mysterious Wagner Group in Africa: what you need to know,1
https://www.newsmax.com/archives/jeffrey-goldberg/210/2023/7/,Jeffrey Goldberg,
https://www.reddit.com/r/mildlyinfuriating/comments/5wwanh/i_paid_5_for_a_cheese_pizza/,reddit.com,
https://cooking.nytimes.com/recipes/1024405-saag-shrimp,saag shrimp,
https://www.huffingtonpost.co.uk/entry/matt-goss-on-relationship-with-estranged-brother-luke_uk_64c0fb6ee4b08cd259de0cdb,,
https://www.breitbart.com/europe/2023/07/23/zelensky-demands-west-supply-full-protective-shield-of-anti-aircraft-defence-systems/,Zelensky Demands West Provide ‚ÄòFull Protective Shield‚Äô of Anti-Aircraft Defence Systems,1
https://abcnews.go.com/author/Joel_Goldhammer,Joel Goldhammer,
https://www.amazon.com/FCMP-Outdoor-RC4000-BRN-Catcher-Barrel/dp/B00LIGPOW4?tag=tessaflores-20&ascsubtag=64b9ab35e4b093f07cb3d719%2C-1%2C-1%2Cd%2C0%2C0%2Chp-fil-am%3D0%2C0%3A0%2C0%2C0%2C0,barrel,
https://chaski.huffpost.com/us/auto/topic/cheating,Cheating,
https://www.nbcnews.com/politics/national-security/defense-holding-us-cooperation-war-crimes-probe-ukraine-rcna87168,blocked efforts,
https://nypost.com/author/rglasspiegelnyp/feed/,Get author RSS feed,
https://www.cnn.com/2023/07/25/asia/matty-healy-the-1975-malaysia-lgbtq-intl-hnk/index.html,‚ÄòWhite savior complex‚Äô: Malaysia‚Äôs LGBTQ community slams The 1975‚Äôs Matty Healy‚Äôs onstage kiss,1
https://www.buzzfeed.com/watch/video/161731,"Marcel the Shell's Jenny Slate Aligns Her Famous Characters""There's nothing about me that's neutral."" Jenny Slate joins us to breakdown her characters and rank them on the classic D&D (Dungeons & Dragons) Character Alignment Chart. From Bob's Burger's Tammy to Marcel the Shell with Shoes On, Jenny will decide once and for all just how good she really is...",1
https://abcnews.go.com/WNT/video/grandmother-dementia-inspires-piano-playing-98087182,Grandmother with dementia inspires with piano playing,1
https://www.goodmorningamerica.com/culture/story/jjason-aldean-returns-las-vegas-1st-time-october-54390453,Jason Aldean returns to Las Vegas for 1st time since October mass shooting,1
https://foxcareers.com/ExitPage/?destinationID=2147483647,My AccountMy Account,
https://www.cnn.com/cnn-underscored/deals/best-online-sales-right-now-2023-07-24,Caroline Curran/CNN Underscored,
https://chaski.huffpost.com/us/auto/topic/barack-obama,Barack Obama,
https://facebook.com/share.php?u=https%3A%2F%2Fwww.huffpost.com%2Fentry%2Fron-desantis-campaign-staff-cuts_n_64c02d97e4b09a9296947d83%3Futm_campaign%3Dshare_facebook%26ncid%3Dengmodushpmg00000003,,
https://nypost.com/2023/07/16/trump-unsure-of-participation-in-first-republican-primary-debate/,Trump unsure of participation in first Republican primary debate,1
https://decider.com/what-to-watch/full-circle/,,
https://nypost.com/2007/05/,May 2007,
https://www.dowjones.com/cookie-notice/?mod=wsjshop,Cookie Notice,
https://chaski.huffpost.com/us/auto/topic/latine-heritage-month-2022,Somos Fuertes | Latine Heritage Month 2022,
https://www.msnbcstore.com/collections/deadline-white-house,Deadline: White House,
https://www.outkick.com/author/zach-dean,Zach Dean,
https://www.foxnews.com/video/6331128637112,,
https://nytmediakit.com/casestudies/ancestry,AncestryRecords of Resilience,
https://www.theatlantic.com/international/archive/2019/04/spain-vox-feminism/587824/,"abortion, and women‚Äôs rights",1
https://www.vox.com/future-perfect/2022/10/9/23393017/supreme-court-pork-pigs-prop-12-california-animal-welfare,animal welfare,
https://chaski.huffpost.com/us/auto/topic/kittens,Kittens,
https://www.tiktok.com/live,LIVE,
http://twitter.com/whizyk,Twitter,
https://abc.com/shows/what-would-you-do/episode-guide/2020-07/14-what-would-you-do-olympian-adam-rippon-joins-scenario-about-coming-out,"3:00'What Would You Do?': Olympian Adam Rippon joins scenario about coming outJul 29, 2020",1
https://www.huffpost.com/entry/kristen-bell-kids-nonalcoholic-beer_n_64c130ece4b0ad7b75fad863,,
https://abcnews.go.com/author/autumn_porter,Autumn Porter,
https://abcnews.go.com/author/ryan_creed,Ryan Creed,
https://chaski.huffpost.com/us/auto/topic/salad-recipes,Salad Recipes,
https://www.huffpost.com/elections/state/NY,New York,
https://www.cnn.com/videos/weather/2019/04/16/how-to-prepare-for-severe-weather-tornado-wx-orig-llr.cnn,How to prepare for severe weather,1
https://www.buzzfeed.com/taylormai/what-car-are-you-5prj7q6awf,What Car Are You?,
https://www.buzzfeed.com/rossyoder/most-difficult-parts-of-homeownership,"""It's Ruining Our Lives"": People Are Sharing The Hard Realities And Regrets Of Actually Being A Homeowner",1
https://www.buzzfeed.com/haidenr,haidenr,
https://chaski.huffpost.com/us/auto/topic/ereader,E-Readers,
https://www.breitbart.com/politics/2023/07/20/exclusive-u-s-senate-candidate-bernie-moreno-lists-top-priorities-of-a-gop-controlled-senate/,EXCLUSIVE: U.S. Senate Candidate Bernie Moreno Lists Top Priorities of a GOP-Controlled Senate,1
https://nypost.com/2023/01/11/jeopardy-champ-ray-lalonde-spills-secrets-they-have-a-game-show-cop/,13 consecutive games,
https://chaski.huffpost.com/us/auto/topic/holly-bobo,Holly Bobo,
https://www.nbcnews.com/news/nbcblk/cardiac-arrest-bronny-james-damar-hamlin-black-male-athletes-rcna96262,Bronny James' incident highlights the risk of sudden cardiac arrest in Black male athletes,1
https://www.eurosport.com/alpine-skiing/,Alpine Skiing Home,
https://www.huffpost.com/author/sean-migalla,Sean Migalla,
https://www.buzzfeed.com/badge/polls,,
https://pagesix.com/wp-content/uploads/sites/3/2023/07/NYPICHPDPICT000014701520.jpg,,
https://disneytermsofuse.com/danish/,Danish / Dansk ‚Äì Disney Terms of Use,
https://chaski.huffpost.com/us/auto/topic/college-prep,College Prep,
https://www.cnn.com/2023/07/24/entertainment/doja-cat-nickname-boyfriend-music/index.html,Doja Cat is not happy with fans calling her by her full name,1
https://www.facebook.com/dialog/share?href=https%3A%2F%2Fwww.buzzfeed.com%2Fmichelelbird%2Fadd-yours-why-you-dumped-a-spoiled-friend%3Futm_source%3Ddynamic%26utm_campaign%3Dbfsharefacebook&app_id=45075597673,Facebook,
https://www.foxnews.com/us/california-homeless-make-up-nearly-one-third-us-homeless-population-new-report-shows,,
https://www.newsmax.com/archives/jonathanjakubowski/737/2023/7/,Jonathan Jakubowski,
https://cooking.nytimes.com/ourcooks,Our Cooks,
https://www.amazon.com/gp/customer-reviews/R2UXR2SVLKSXMO/ref=cm_cr_getr_d_rvw_ttl?ie=UTF8&ASIN=B08YS52WWQ&tag=tessaflores-20&ascsubtag=64b956c1e4b0dcb4cab7cd6c%2C-1%2C-1%2Cd%2C0%2C0%2Chp-fil-am%3D0%2C0%3A0%2C0%2C0%2C0,amazon.com,
https://www.foxnews.com//www.foxnews.com/opinion/every-liberty-loving-american-support-schmitt-paul-bill-end-weaponization-government,,
https://www.foxnews.com/money/best-student-loans-parents-plus-private,Best parent student loans: Private vs. PLUS,1
https://www.msnbc.com/all-in/watch/hayes-supreme-court-has-ruled-against-the-right-s-slow-motion-insurrection-185338437718,,
https://www.cnn.com/videos/us/2015/12/21/orig-wingboard-airplane-extreme-sport-future-of-adventure.cnn,"<img alt="""" class=""media__image"" src=""//cdn.cnn.com/cnnnext/dam/assets/151221152211-wingboard-1-large-tease.jpg"">",
https://abcnews.go.com/author/kaylee_hartung,Kaylee Hartung,
https://nypost.com/tag/police-officers/,police officers,
https://www.cnn.com/videos/weather/2019/09/03/climate-change-global-warming-what-can-i-do-chad-myers-nws-orig.cnn,"<img alt="""" class=""media__image"" src=""//cdn.cnn.com/cnnnext/dam/assets/190828202703-recycling-bin-stock-large-tease.jpg"">",1
https://cnnespanol.cnn.com/video/bonaire-isla-caribe-conservar-medio-ambiente-nuestro-mundo-cnn/,"<img class=""image"" srcset=""https://cnnespanol.cnn.com/wp-content/uploads/2023/07/230726143751-nm-bonaire-full-169.jpg?quality=100&amp;strip=info&amp;w=300&amp;h=170&amp;crop=1 300w"" sizes=""( min-width: 300px ) 300px"" src=""https://cnnespanol.cnn.com/wp-content/uploads/2023/07/230726143751-nm-bonaire-full-169.jpg?quality=100&amp;strip=info&amp;w=300&amp;h=170&amp;crop=1"" alt=""¬øPor qu√© tantos visitantes quieren mudarse a esta isla secreta?"" />1:07",
https://chaski.huffpost.com/us/auto/topic/humor,Humor,
https://www.huffpost.com/entry/ap-us-los-angeles-millipede_n_64c166bae4b053a70093b827,,
https://www.foxbusiness.com/markets/microsoft-google-ai-race-spotlight-amid-dueling-earnings-calls,ARTIFICIAL INTELLIGENCE,
https://chaski.huffpost.com/us/auto/topic/miranda-kerr,Miranda Kerr,
https://twitter.com/allieevolpe,@allieevolpe,
https://www.nytimes.com/2023/01/20/technology/google-chatgpt-artificial-intelligence.html,aggressively accelerated,1
https://click.linksynergy.com/deeplink?id=Zb4jl9GtVeY&mid=2417&u1=648227d3e4b025003edc406e&murl=https%3A%2F%2Fwww.sephora.com%2Fproduct%2Fjosie-maran-whipped-argan-pro-retinol-body-butter-P468161%3Fcountry_switch%3Dus%26lang%3Den%26skuId%3D2433779%26om_mmc%3Dppc-GG_1917656315_68579077377_pla-419087547242_2433779_353513009950_9030971_c%26ds_rl%3D1261471%26gclid%3DCjwKCAjwqauVBhBGEiwAXOepkZGl9iZEAbXWUUcQ-ryAPQpTWokQIsfuzntIdxh-hdHJIth4VbskJRoCEL0QAvD_BwE%26gclsrc%3Daw.ds,$46 at Sephora,
https://www.youtube.com/vox,MELISSA HIRSCH,
https://www.vox.com/authors/matt-dunne,MATTHEW DUNNE,
https://support.google.com/websearch/answer/54068#zippy=%2Cinfo-about-your-browsing-and-other-activity-on-sites-apps-and-devices-that-use-google-services,"information about your activity on other sites, apps, and devices that use Google services",
https://www.msnbc.com/jonathan-capehart/watch/republican-lawmakers-spark-outrage-with-comments-on-race-188569669913,Republican lawmakers spark outrage with comments on race,1
https://support.google.com/googleplay/android-developer/answer/6048248?hl=en,Google instructions,
https://go.skimresources.com?id=93051X1547088&xs=1&xcust=nyp-RU--&url=https%3A%2F%2Fwww.nordstrom.com%2Fs%2Fphylipa-multifunction-leather-strap-watch-41mm%2F7371840,Ted Baker Phylip MLT Watch,
https://abcnews.go.com/Politics/video/donald-trump-spent-days-president-75324664,"6:10How Donald Trump spent his last days as presidentJan 18, 2021",1
https://nypost.com/article/tequila-based-on-your-zodiac-sign/,What kind of tequila are you based on your zodiac sign?,
https://abcnews.go.com/author/Ashley_Knight-Greenfield,Dr. Ashley Knight-Greenfield,
https://www.huffpost.com/topic/gunnison-national-forest,Gunnison National Forest,
https://www.cnn.com/style/miss-netherlands-pageant-rikkie-kolle/index.html,Shutterstock,
https://www.buzzfeed.com/watch/video/149768,"I Let My Toddler Run Our Lives For A Week ‚Ä¢ Mom In ProgressThis week‚Äôs challenge is sponsored by GEICO. Hannah lets her 2-year old, Henry, decide the family‚Äôs activities for a week. Would you trust Henry‚Äôs picks?",
https://www.buzzfeed.com/booklover20/what-hamilton-character-are-you-ejnd2g6n8f#comments,"Which ""Hamilton"" Song Are You?",
https://www.vox.com/videos/2023/2/24/23613892/inflation-prices-rising-explained,"<img alt="""" src=""https://cdn.vox-cdn.com/uploads/chorus_image/image/72010978/VDC_ONA_001_inflation_Thumb_SYN.0.png"">Play",
https://abcnews.go.com/author/rick_klein,Rick Klein,
https://money.cnn.com/quote/quote.html?symb=CCL,CCL,
https://www.nbcuniversal.com/cdn-cgi/l/email-protection#8ffffde6f9eeecf6cfe1edecfae1e6a1ece0e2,[email¬†protected],
https://www.facebook.com/sharer/sharer.php?u=https://www.today.com/video/5-simple-changes-to-help-you-look-and-feel-good-all-summer-186986053978,,
https://newrepublic.com/post/174521/never-enough-now-republicans-want-censure-jayapal-israel-comments?utm_medium=social&utm_source=Twitter&utm_campaign=SF_TNR,Republicans,
https://www.nytimes.com/wirecutter/home-garden/gardening/,Gardening,
https://abcnews.go.com/author/michael_nedelman,Michael Nedelman,
https://nypost.com/2023/06/23/starbucks-workers-at-150-stores-go-on-strike-over-pride-decorations/,Thousands of Starbucks workers across 150 stores to strike over Pride decorations,1
https://www.vox.com/recode/2022/7/27/23277664/chips-act-solve-chip-shortage-biden-manufacturing,CHIPS Act,1
https://nypost.com/tag/stocks/,stocks,
https://www.buzzfeed.com/chelseastewart/rosie-odonnell-ellen-degeneres-feud-explained,"Rosie O'Donnell Detailed Her Falling Out With Ellen DeGeneres, And It's A Lot",1
https://www.foxbusiness.com/category/sports,Sports,
https://chaski.huffpost.com/us/auto/topic/jessica-simpson,Jessica Simpson,
https://www.cnn.com/2016/12/12/world/sutter-vanishing-help/index.html,... but it's not too late to do something,
https://docs.google.com/forms/d/e/1FAIpQLScXuTsmpi2VQ6ZoRVEeHrgBSpkPkWSRWDH4zeY_TMBtPAhc4w/viewform,submit your question here,
https://www.cnn.com/2023/07/20/us/florida-black-history-education-standards-reaj/index.html,to revise American history,
https://www.breitbart.com/politics/2023/07/13/biden-authorizes-military-to-call-reservists-to-active-duty-to-support-ukraine-war/,Biden Authorizes Military to Call Reservists to Active Duty to Support Ukraine War,1
https://chaski.huffpost.com/us/auto/topic/steve-jobs,Steve Jobs,
https://www.vox.com/authors/gabriela-fernandez/rss,Rss,
https://www.newsmax.com/archives/finance/lenorehawkins/590/2023/7/,Lenore Hawkins,
https://www.amazon.com/How-Raise-Adult-Overparenting-Prepare/dp/1250093635/?tag=nypost-20&asc_refurl=https%3A%2F%2Fnypost.com%2Farticle%2Fbest-parenting-books-per-experts%2F&asc_source=web,amazon $15.29 ‚Äì $21.25,
https://www.huffpost.com/entry/kristen-bell-dinner-party-photo_n_64ac2609e4b02fb0e6f9ef31,Kristen Bell Shares Photo Of Star-Studded Dinner Party ‚Äî And Not Everyone's Impressed,1
https://www.buzzfeed.com/mjs538/kit-connor-bisexual,"Kit Connor Explained What The Bisexual Experience Is Like, And His Experience Being ""Forced"" To Come Out",1
https://www.msnbc.com/inside-with-jen-psaki/donna-deegans-win-gives-democrats-hope-ron-desantis-florida-rcna85298,MSNBC,
https://www.huffpost.com/author/jo-confino,Jo Confino,
https://www.foxnews.com/us/nantucket-edge-swimming-banned-certain-beaches-shark-sightings-watch,,
https://www.buzzfeed.com/watch/video/120048,Single Girl Births A Bollywood Stars Baby In The Sims 4,1
https://web.mit.edu/fnl/volume/235/wallslides.pdf,grew from,
https://tasty.co/topic/best-vegetarian,Vegetarian,
https://www.siia.net/codie/,,
https://chaski.huffpost.com/us/auto/topic/summer-recipes,Summer Recipes,
http://www.forbes.com,Forbes,
https://www.huffpost.com/entertainment/arts?page=11,11,
https://www.buzzfeed.com/tvandmovies/the-little-mermaid,The Little Mermaid,
https://www.buzzfeed.com/watch/video/154427,"How To Declutter Your Desk And Reduce StressDoes a messy desk = more stress? Having a cluttered desk is more than just a bad habit, it can affect your mood, focus, and productivity too. A special thanks to Dr. Libby Sander for her expertise: https://www.libbysander.com",1